{
  "char_length": {
    "mean": 73.12051490484095,
    "median": 64.0,
    "std": 40.73530993195064,
    "skewness": 2.104131816910991,
    "kurtosis": 6.47977708596629,
    "is_normal": 